-- phpMyAdmin SQL Dump
-- version 4.9.7
-- https://www.phpmyadmin.net/
--
-- Máy chủ: localhost:3306
-- Thời gian đã tạo: Th10 13, 2025 lúc 02:47 PM
-- Phiên bản máy phục vụ: 10.3.31-MariaDB
-- Phiên bản PHP: 7.4.25

SET SQL_MODE = "NO_AUTO_VALUE_ON_ZERO";
SET AUTOCOMMIT = 0;
START TRANSACTION;
SET time_zone = "+00:00";


/*!40101 SET @OLD_CHARACTER_SET_CLIENT=@@CHARACTER_SET_CLIENT */;
/*!40101 SET @OLD_CHARACTER_SET_RESULTS=@@CHARACTER_SET_RESULTS */;
/*!40101 SET @OLD_COLLATION_CONNECTION=@@COLLATION_CONNECTION */;
/*!40101 SET NAMES utf8mb4 */;

--
-- Cơ sở dữ liệu: `thethao_csvc`
--

-- --------------------------------------------------------

--
-- Cấu trúc bảng cho bảng `baotri`
--

CREATE TABLE `baotri` (
  `id` int(11) NOT NULL,
  `thietbi_id` int(11) NOT NULL,
  `ngay_yeu_cau` date NOT NULL,
  `ngay_bat_dau` date DEFAULT NULL,
  `ngay_hoan_thanh` date DEFAULT NULL,
  `noi_dung` text COLLATE utf8mb4_unicode_ci DEFAULT NULL,
  `chi_phi` decimal(15,2) DEFAULT NULL,
  `trang_thai` varchar(100) COLLATE utf8mb4_unicode_ci DEFAULT NULL,
  `nhanvien_id` int(11) DEFAULT NULL,
  `ngay_tao` datetime DEFAULT current_timestamp(),
  `ngay_cap_nhat` datetime DEFAULT current_timestamp() ON UPDATE current_timestamp()
) ENGINE=InnoDB DEFAULT CHARSET=utf8mb4 COLLATE=utf8mb4_unicode_ci;

-- --------------------------------------------------------

--
-- Cấu trúc bảng cho bảng `nhanvien`
--

CREATE TABLE `nhanvien` (
  `id` int(11) NOT NULL,
  `ho_ten` varchar(255) COLLATE utf8mb4_unicode_ci NOT NULL,
  `chuc_vu` varchar(100) COLLATE utf8mb4_unicode_ci DEFAULT NULL,
  `so_dien_thoai` varchar(20) COLLATE utf8mb4_unicode_ci DEFAULT NULL,
  `email` varchar(100) COLLATE utf8mb4_unicode_ci DEFAULT NULL,
  `ngay_tao` datetime DEFAULT current_timestamp(),
  `ngay_cap_nhat` datetime DEFAULT current_timestamp() ON UPDATE current_timestamp(),
  `pass` varchar(255) COLLATE utf8mb4_unicode_ci NOT NULL,
  `quyen` int(11) DEFAULT NULL
) ENGINE=InnoDB DEFAULT CHARSET=utf8mb4 COLLATE=utf8mb4_unicode_ci;

--
-- Đang đổ dữ liệu cho bảng `nhanvien`
--

INSERT INTO `nhanvien` (`id`, `ho_ten`, `chuc_vu`, `so_dien_thoai`, `email`, `ngay_tao`, `ngay_cap_nhat`, `pass`, `quyen`) VALUES
(1, 'Nguyễn Văn A', 'Hiệu trưởng', '0910000001', 'nguyenvana@school.edu.vn', '2025-08-30 23:28:41', '2025-11-02 01:57:28', '$2y$10$Uyjq58Vx0cZW8xdR5qvffu71rie/lDD04vHpzwcB2hCIi1oiGBx7G', 1),
(2, 'Nguyễn Thị B', 'Hiệu phó', '0910000002', 'nguyenthib@school.edu.vn', '2025-08-30 23:28:41', '2025-11-03 10:53:08', '$2y$10$UBBUQ5ai.pbY/p9uPrrANOXudyahgLlMZL8AOyiofQJhUSvrM1A2m', 2),
(3, 'Nguyễn Văn C', 'Hiệu phó', '0910000003', 'nguyenvanc@school.edu.vn', '2025-08-30 23:28:41', '2025-11-02 01:29:45', '$2y$10$Uyjq58Vx0cZW8xdR5qvffu71rie/lDD04vHpzwcB2hCIi1oiGBx7G', 2),
(4, 'Nguyễn Văn D', 'Giáo viên Toán', '0910000004', 'nguyenvand@school.edu.vn', '2025-08-30 23:28:41', '2025-11-02 01:29:45', '$2y$10$Uyjq58Vx0cZW8xdR5qvffu71rie/lDD04vHpzwcB2hCIi1oiGBx7G', 2),
(5, 'Nguyễn Thị E', 'Giáo viên Vật lí', '0910000005', 'nguyenthie@school.edu.vn', '2025-08-30 23:28:41', '2025-11-02 01:29:45', '$2y$10$Uyjq58Vx0cZW8xdR5qvffu71rie/lDD04vHpzwcB2hCIi1oiGBx7G', 2),
(6, 'Nguyễn Văn F', 'Giáo viên Hóa học', '0910000006', 'nguyenvanf@school.edu.vn', '2025-08-30 23:28:41', '2025-11-02 01:29:45', '$2y$10$Uyjq58Vx0cZW8xdR5qvffu71rie/lDD04vHpzwcB2hCIi1oiGBx7G', 2),
(7, 'Nguyễn Thị G', 'Giáo viên Sinh học', '0910000007', 'nguyenthig@school.edu.vn', '2025-08-30 23:28:41', '2025-11-02 01:29:45', '$2y$10$Uyjq58Vx0cZW8xdR5qvffu71rie/lDD04vHpzwcB2hCIi1oiGBx7G', 2),
(8, 'Nguyễn Văn H', 'Giáo viên Tin học', '0910000008', 'nguyenvanh@school.edu.vn', '2025-08-30 23:28:41', '2025-11-02 01:29:45', '$2y$10$Uyjq58Vx0cZW8xdR5qvffu71rie/lDD04vHpzwcB2hCIi1oiGBx7G', 2),
(9, 'Nguyễn Thị I', 'Giáo viên Ngữ văn', '0910000009', 'nguyenthiI@school.edu.vn', '2025-08-30 23:28:41', '2025-11-02 01:29:45', '$2y$10$Uyjq58Vx0cZW8xdR5qvffu71rie/lDD04vHpzwcB2hCIi1oiGBx7G', 2),
(10, 'Nguyễn Văn J', 'Giáo viên Lịch sử', '0910000010', 'nguyenvanj@school.edu.vn', '2025-08-30 23:28:41', '2025-11-02 01:29:45', '$2y$10$Uyjq58Vx0cZW8xdR5qvffu71rie/lDD04vHpzwcB2hCIi1oiGBx7G', 2),
(11, 'Nguyễn Thị K', 'Giáo viên Địa lí', '0910000011', 'nguyenthik@school.edu.vn', '2025-08-30 23:28:41', '2025-11-02 01:29:45', '$2y$10$Uyjq58Vx0cZW8xdR5qvffu71rie/lDD04vHpzwcB2hCIi1oiGBx7G', 2),
(12, 'Nguyễn Văn L', 'Giáo viên Tiếng Anh', '0910000012', 'nguyenvanl@school.edu.vn', '2025-08-30 23:28:41', '2025-11-02 01:29:45', '$2y$10$Uyjq58Vx0cZW8xdR5qvffu71rie/lDD04vHpzwcB2hCIi1oiGBx7G', 2),
(13, 'Nguyễn Thị M', 'Giáo viên Tiếng Trung', '0910000013', 'nguyenthim@school.edu.vn', '2025-08-30 23:28:41', '2025-11-02 01:29:45', '$2y$10$Uyjq58Vx0cZW8xdR5qvffu71rie/lDD04vHpzwcB2hCIi1oiGBx7G', 2),
(14, 'Nguyễn Văn N', 'Giáo viên Thể dục', '0910000014', 'nguyenvann@school.edu.vn', '2025-08-30 23:28:41', '2025-11-02 01:29:45', '$2y$10$Uyjq58Vx0cZW8xdR5qvffu71rie/lDD04vHpzwcB2hCIi1oiGBx7G', 2),
(15, 'Nguyễn Thị O', 'Giáo viên Quốc phòng', '0910000015', 'nguyenthio@school.edu.vn', '2025-08-30 23:28:41', '2025-11-02 01:29:45', '$2y$10$Uyjq58Vx0cZW8xdR5qvffu71rie/lDD04vHpzwcB2hCIi1oiGBx7G', 2),
(16, 'Nguyễn Văn P', 'Giáo viên Nghệ thuật', '0910000016', 'nguyenvanp@school.edu.vn', '2025-08-30 23:28:41', '2025-11-02 01:29:45', '$2y$10$Uyjq58Vx0cZW8xdR5qvffu71rie/lDD04vHpzwcB2hCIi1oiGBx7G', 2),
(17, 'Nguyễn Thị Q', 'Giáo viên Âm nhạc', '0910000017', 'nguyenthiq@school.edu.vn', '2025-08-30 23:28:41', '2025-11-02 01:29:45', '$2y$10$Uyjq58Vx0cZW8xdR5qvffu71rie/lDD04vHpzwcB2hCIi1oiGBx7G', 2),
(18, 'Nguyễn Văn R', 'Giáo viên Mỹ thuật', '0910000018', 'nguyenvanr@school.edu.vn', '2025-08-30 23:28:41', '2025-11-02 01:29:45', '$2y$10$Uyjq58Vx0cZW8xdR5qvffu71rie/lDD04vHpzwcB2hCIi1oiGBx7G', 2),
(19, 'Nguyễn Thị S', 'Giáo viên Công nghệ', '0910000019', 'nguyenthis@school.edu.vn', '2025-08-30 23:28:41', '2025-11-02 01:29:45', '$2y$10$Uyjq58Vx0cZW8xdR5qvffu71rie/lDD04vHpzwcB2hCIi1oiGBx7G', 2),
(20, 'Nguyễn Văn T', 'Kế toán', '0910000020', 'nguyenvant@school.edu.vn', '2025-08-30 23:28:41', '2025-11-02 01:29:45', '$2y$10$Uyjq58Vx0cZW8xdR5qvffu71rie/lDD04vHpzwcB2hCIi1oiGBx7G', 2),
(21, 'Nguyễn Thị U', 'Văn thư', '0910000021', 'nguyenthiu@school.edu.vn', '2025-08-30 23:28:41', '2025-11-02 01:29:45', '$2y$10$Uyjq58Vx0cZW8xdR5qvffu71rie/lDD04vHpzwcB2hCIi1oiGBx7G', 2),
(22, 'Nguyễn Văn V', 'Quản trị CNTT', '0910000022', 'nguyenvanv@school.edu.vn', '2025-08-30 23:28:41', '2025-11-02 01:29:45', '$2y$10$Uyjq58Vx0cZW8xdR5qvffu71rie/lDD04vHpzwcB2hCIi1oiGBx7G', 2),
(23, 'Nguyễn Thị W', 'Thư viện', '0910000023', 'nguyenthiw@school.edu.vn', '2025-08-30 23:28:41', '2025-11-02 01:29:45', '$2y$10$Uyjq58Vx0cZW8xdR5qvffu71rie/lDD04vHpzwcB2hCIi1oiGBx7G', 2),
(24, 'Nguyễn Văn X', 'Y tế học đường', '0910000024', 'nguyenvanx@school.edu.vn', '2025-08-30 23:28:41', '2025-11-02 01:29:45', '$2y$10$Uyjq58Vx0cZW8xdR5qvffu71rie/lDD04vHpzwcB2hCIi1oiGBx7G', 2),
(25, 'Nguyễn Thị Y', 'Công tác Đoàn', '0910000025', 'nguyenthiy@school.edu.vn', '2025-08-30 23:28:41', '2025-11-02 01:29:45', '$2y$10$Uyjq58Vx0cZW8xdR5qvffu71rie/lDD04vHpzwcB2hCIi1oiGBx7G', 2),
(26, 'Nguyễn Văn Z', 'Bảo vệ', '0910000026', 'nguyenvanz@school.edu.vn', '2025-08-30 23:28:41', '2025-11-02 01:29:45', '$2y$10$Uyjq58Vx0cZW8xdR5qvffu71rie/lDD04vHpzwcB2hCIi1oiGBx7G', 2),
(27, 'Nguyễn Văn AA', 'Giáo viên Toán', '0910000027', 'nguyenvanaa@school.edu.vn', '2025-08-30 23:28:41', '2025-11-02 01:29:45', '$2y$10$Uyjq58Vx0cZW8xdR5qvffu71rie/lDD04vHpzwcB2hCIi1oiGBx7G', 2),
(28, 'Nguyễn Thị BB', 'Giáo viên Vật lí', '0910000028', 'nguyenthibb@school.edu.vn', '2025-08-30 23:28:41', '2025-11-02 01:29:45', '$2y$10$Uyjq58Vx0cZW8xdR5qvffu71rie/lDD04vHpzwcB2hCIi1oiGBx7G', 2),
(29, 'Nguyễn Văn CC', 'Giáo viên Hóa học', '0910000029', 'nguyenvancc@school.edu.vn', '2025-08-30 23:28:41', '2025-11-02 01:29:45', '$2y$10$Uyjq58Vx0cZW8xdR5qvffu71rie/lDD04vHpzwcB2hCIi1oiGBx7G', 2),
(30, 'Nguyễn Thị DD', 'Giáo viên Sinh học', '0910000030', 'nguyenthidd@school.edu.vn', '2025-08-30 23:28:41', '2025-11-02 01:29:45', '$2y$10$Uyjq58Vx0cZW8xdR5qvffu71rie/lDD04vHpzwcB2hCIi1oiGBx7G', 2),
(31, 'Nguyễn Văn EE', 'Giáo viên Ngữ văn', '0910000031', 'nguyenvanee@school.edu.vn', '2025-08-30 23:28:41', '2025-11-02 01:29:45', '$2y$10$Uyjq58Vx0cZW8xdR5qvffu71rie/lDD04vHpzwcB2hCIi1oiGBx7G', 2),
(32, 'Nguyễn Thị FF', 'Giáo viên Lịch sử', '0910000032', 'nguyenthiff@school.edu.vn', '2025-08-30 23:28:41', '2025-11-02 01:29:45', '$2y$10$Uyjq58Vx0cZW8xdR5qvffu71rie/lDD04vHpzwcB2hCIi1oiGBx7G', 2),
(33, 'Nguyễn Văn GG', 'Giáo viên Địa lí', '0910000033', 'nguyenvangg@school.edu.vn', '2025-08-30 23:28:41', '2025-11-02 01:29:45', '$2y$10$Uyjq58Vx0cZW8xdR5qvffu71rie/lDD04vHpzwcB2hCIi1oiGBx7G', 2),
(34, 'Nguyễn Thị HH', 'Giáo viên Tiếng Anh', '0910000034', 'nguyenthihh@school.edu.vn', '2025-08-30 23:28:41', '2025-11-02 01:29:45', '$2y$10$Uyjq58Vx0cZW8xdR5qvffu71rie/lDD04vHpzwcB2hCIi1oiGBx7G', 2),
(35, 'Nguyễn Văn II', 'Giáo viên Tiếng Trung', '0910000035', 'nguyenvanii@school.edu.vn', '2025-08-30 23:28:41', '2025-11-02 01:29:45', '$2y$10$Uyjq58Vx0cZW8xdR5qvffu71rie/lDD04vHpzwcB2hCIi1oiGBx7G', 2),
(36, 'Nguyễn Thị JJ', 'Giáo viên Công nghệ', '0910000036', 'nguyenthijj@school.edu.vn', '2025-08-30 23:28:41', '2025-11-02 01:29:45', '$2y$10$Uyjq58Vx0cZW8xdR5qvffu71rie/lDD04vHpzwcB2hCIi1oiGBx7G', 2);

-- --------------------------------------------------------

--
-- Cấu trúc bảng cho bảng `phong`
--

CREATE TABLE `phong` (
  `id` int(11) NOT NULL,
  `ma_phong` varchar(50) COLLATE utf8mb4_unicode_ci NOT NULL,
  `ten_phong` varchar(255) COLLATE utf8mb4_unicode_ci NOT NULL,
  `day_nha` varchar(100) COLLATE utf8mb4_unicode_ci DEFAULT NULL,
  `tang` int(11) DEFAULT NULL,
  `ngay_tao` datetime DEFAULT current_timestamp(),
  `ngay_cap_nhat` datetime DEFAULT current_timestamp() ON UPDATE current_timestamp()
) ENGINE=InnoDB DEFAULT CHARSET=utf8mb4 COLLATE=utf8mb4_unicode_ci;

--
-- Đang đổ dữ liệu cho bảng `phong`
--

INSERT INTO `phong` (`id`, `ma_phong`, `ten_phong`, `day_nha`, `tang`, `ngay_tao`, `ngay_cap_nhat`) VALUES
(1, 'A101', 'Kho', 'A', 1, '2025-08-30 23:28:21', '2025-08-30 23:28:21'),
(2, 'A102', 'Phòng Y tế', 'A', 1, '2025-08-30 23:28:21', '2025-08-30 23:28:21'),
(3, 'A103', 'Phòng bảo vệ', 'A', 1, '2025-08-30 23:28:21', '2025-08-30 23:28:21'),
(4, 'A201', 'Đội tuyển Toán', 'A', 2, '2025-08-30 23:28:21', '2025-08-30 23:28:21'),
(5, 'A202', 'Đội tuyển Vật lí', 'A', 2, '2025-08-30 23:28:21', '2025-08-30 23:28:21'),
(6, 'A203', 'Đội tuyển Hóa học', 'A', 2, '2025-08-30 23:28:21', '2025-08-30 23:28:21'),
(7, 'A204', 'Đội tuyển Sinh học', 'A', 2, '2025-08-30 23:28:21', '2025-08-30 23:28:21'),
(8, 'A205', 'Đội tuyển Tin học', 'A', 2, '2025-08-30 23:28:21', '2025-08-30 23:28:21'),
(9, 'A206', 'Đội tuyển Ngữ văn', 'A', 2, '2025-08-30 23:28:21', '2025-08-30 23:28:21'),
(10, 'A207', 'Đội tuyển Lịch sử', 'A', 2, '2025-08-30 23:28:21', '2025-08-30 23:28:21'),
(11, 'A208', 'Đội tuyển Địa lí', 'A', 2, '2025-08-30 23:28:21', '2025-08-30 23:28:21'),
(12, 'A209', 'Đội tuyển Tiếng Anh', 'A', 2, '2025-08-30 23:28:21', '2025-08-30 23:28:21'),
(13, 'A210', 'Đội tuyển Tiếng Trung Quốc', 'A', 2, '2025-08-30 23:28:21', '2025-08-30 23:28:21'),
(14, 'A301', 'Phòng đọc chung', 'A', 3, '2025-08-30 23:28:21', '2025-08-30 23:28:21'),
(15, 'A302', 'Kho sách', 'A', 3, '2025-08-30 23:28:21', '2025-08-30 23:28:21'),
(16, 'A303', 'Phòng đọc giáo viên', 'A', 3, '2025-08-30 23:28:21', '2025-08-30 23:28:21'),
(17, 'A304', 'Phòng tra cứu điện tử', 'A', 3, '2025-08-30 23:28:21', '2025-08-30 23:28:21'),
(18, 'A401', 'Phòng an ninh', 'A', 4, '2025-08-30 23:28:21', '2025-08-30 23:28:21'),
(19, 'A402', 'Phòng ngủ 1', 'A', 4, '2025-08-30 23:28:21', '2025-08-30 23:28:21'),
(20, 'A403', 'Phòng ngủ 2', 'A', 4, '2025-08-30 23:28:21', '2025-08-30 23:28:21'),
(21, 'A404', 'Phòng ngủ 3', 'A', 4, '2025-08-30 23:28:21', '2025-08-30 23:28:21'),
(22, 'A405', 'Phòng ngủ 4', 'A', 4, '2025-08-30 23:28:21', '2025-08-30 23:28:21'),
(23, 'A406', 'Phòng ngủ 5', 'A', 4, '2025-08-30 23:28:21', '2025-08-30 23:28:21'),
(24, 'A407', 'Phòng ngủ 6', 'A', 4, '2025-08-30 23:28:21', '2025-08-30 23:28:21'),
(25, 'A408', 'Phòng làm việc 1', 'A', 4, '2025-08-30 23:28:21', '2025-08-30 23:28:21'),
(26, 'A409', 'Phòng làm việc 2', 'A', 4, '2025-08-30 23:28:21', '2025-08-30 23:28:21'),
(27, 'A410', 'Phòng làm việc 3', 'A', 4, '2025-08-30 23:28:21', '2025-08-30 23:28:21'),
(28, 'A411', 'Phòng sinh hoạt chung', 'A', 4, '2025-08-30 23:28:21', '2025-08-30 23:28:21'),
(29, 'A501', 'Phòng ngủ 1', 'A', 5, '2025-08-30 23:28:21', '2025-08-30 23:28:21'),
(30, 'A502', 'Phòng ngủ 2', 'A', 5, '2025-08-30 23:28:21', '2025-08-30 23:28:21'),
(31, 'A503', 'Phòng ngủ 3', 'A', 5, '2025-08-30 23:28:21', '2025-08-30 23:28:21'),
(32, 'A504', 'Phòng ngủ 4', 'A', 5, '2025-08-30 23:28:21', '2025-08-30 23:28:21'),
(33, 'A505', 'Phòng ngủ 5', 'A', 5, '2025-08-30 23:28:21', '2025-08-30 23:28:21'),
(34, 'A506', 'Phòng ngủ 6', 'A', 5, '2025-08-30 23:28:21', '2025-08-30 23:28:21'),
(35, 'A507', 'Phòng làm việc 1', 'A', 5, '2025-08-30 23:28:21', '2025-08-30 23:28:21'),
(36, 'A508', 'Phòng làm việc 2', 'A', 5, '2025-08-30 23:28:21', '2025-08-30 23:28:21'),
(37, 'A509', 'Phòng làm việc 3', 'A', 5, '2025-08-30 23:28:21', '2025-08-30 23:28:21'),
(38, 'A510', 'Phòng sinh hoạt chung', 'A', 5, '2025-08-30 23:28:21', '2025-08-30 23:28:21'),
(39, 'B101', 'Giao ban', 'B', 1, '2025-08-30 23:28:21', '2025-08-30 23:28:21'),
(40, 'B102', 'Tiếp khách', 'B', 1, '2025-08-30 23:28:21', '2025-08-30 23:28:21'),
(41, 'B103', 'Văn phòng', 'B', 1, '2025-08-30 23:28:21', '2025-08-30 23:28:21'),
(42, 'B104', 'Quản trị CNTT', 'B', 1, '2025-08-30 23:28:21', '2025-08-30 23:28:21'),
(43, 'B105', 'Văn thư', 'B', 1, '2025-08-30 23:28:21', '2025-08-30 23:28:21'),
(44, 'B201', 'Y tế', 'B', 2, '2025-08-30 23:28:21', '2025-08-30 23:28:21'),
(45, 'B202', 'Kế toán', 'B', 2, '2025-08-30 23:28:21', '2025-08-30 23:28:21'),
(46, 'B203', 'Hiệu trưởng', 'B', 2, '2025-08-30 23:28:21', '2025-08-30 23:28:21'),
(47, 'B204', 'Giáo vụ và tư vấn học đường', 'B', 2, '2025-08-30 23:28:21', '2025-08-30 23:28:21'),
(48, 'B205', 'PHT', 'B', 2, '2025-08-30 23:28:21', '2025-08-30 23:28:21'),
(49, 'B301', 'PTH', 'B', 3, '2025-08-30 23:28:21', '2025-08-30 23:28:21'),
(50, 'B302', 'Phục vụ', 'B', 3, '2025-08-30 23:28:21', '2025-08-30 23:28:21'),
(51, 'B303', 'Phòng Hội đồng', 'B', 3, '2025-08-30 23:28:21', '2025-08-30 23:28:21'),
(52, 'B304', 'Bảo quản Đề thi, bài thi', 'B', 3, '2025-08-30 23:28:21', '2025-08-30 23:28:21'),
(53, 'B401', 'Bộ môn Tin học', 'B', 4, '2025-08-30 23:28:21', '2025-08-30 23:28:21'),
(54, 'B402', 'Bộ môn Tiếng Trung', 'B', 4, '2025-08-30 23:28:21', '2025-08-30 23:28:21'),
(55, 'B403', 'Bộ môn Tiếng Anh', 'B', 4, '2025-08-30 23:28:21', '2025-08-30 23:28:21'),
(56, 'B404', 'Bộ môn Địa lí', 'B', 4, '2025-08-30 23:28:21', '2025-08-30 23:28:21'),
(57, 'B405', 'Bộ môn Lịch sử', 'B', 4, '2025-08-30 23:28:21', '2025-08-30 23:28:21'),
(58, 'B406', 'Đảng ủy', 'B', 4, '2025-08-30 23:28:21', '2025-08-30 23:28:21'),
(59, 'B407', 'Đoàn Thanh niên', 'B', 4, '2025-08-30 23:28:21', '2025-08-30 23:28:21'),
(60, 'B501', 'Bộ môn Toán', 'B', 5, '2025-08-30 23:28:21', '2025-08-30 23:28:21'),
(61, 'B502', 'Bộ môn Vật lí', 'B', 5, '2025-08-30 23:28:21', '2025-08-30 23:28:21'),
(62, 'B503', 'Bộ môn Hóa học', 'B', 5, '2025-08-30 23:28:21', '2025-08-30 23:28:21'),
(63, 'B504', 'Bộ môn Sinh học', 'B', 5, '2025-08-30 23:28:21', '2025-08-30 23:28:21'),
(64, 'B505', 'Bộ môn Ngữ văn', 'B', 5, '2025-08-30 23:28:21', '2025-08-30 23:28:21'),
(65, 'B506', 'Bộ môn Không chuyên', 'B', 5, '2025-08-30 23:28:21', '2025-08-30 23:28:21'),
(66, 'B507', 'Tổng hợp', 'B', 5, '2025-08-30 23:28:21', '2025-08-30 23:28:21'),
(67, 'C101', '12 Toán', 'C', 1, '2025-08-30 23:28:21', '2025-08-30 23:28:21'),
(68, 'C102', '12 Lí', 'C', 1, '2025-08-30 23:28:21', '2025-08-30 23:28:21'),
(69, 'C103', '12 Hóa', 'C', 1, '2025-08-30 23:28:21', '2025-08-30 23:28:21'),
(70, 'C104', '12 Sinh', 'C', 1, '2025-08-30 23:28:21', '2025-08-30 23:28:21'),
(71, 'C201', '12 Văn', 'C', 2, '2025-08-30 23:28:21', '2025-08-30 23:28:21'),
(72, 'C202', '12 Anh 1', 'C', 2, '2025-08-30 23:28:21', '2025-08-30 23:28:21'),
(73, 'C203', '12 Anh 2', 'C', 2, '2025-08-30 23:28:21', '2025-08-30 23:28:21'),
(74, 'C204', '12 Trung', 'C', 2, '2025-08-30 23:28:21', '2025-08-30 23:28:21'),
(75, 'C301', '12 Sử', 'C', 3, '2025-08-30 23:28:21', '2025-08-30 23:28:21'),
(76, 'C302', '12 Địa', 'C', 3, '2025-08-30 23:28:21', '2025-08-30 23:28:21'),
(77, 'C303', '12 Tin', 'C', 3, '2025-08-30 23:28:21', '2025-08-30 23:28:21'),
(78, 'C304', '11 Toán', 'C', 3, '2025-08-30 23:28:21', '2025-08-30 23:28:21'),
(79, 'C305', 'Phòng chờ giáo viên', 'C', 3, '2025-08-30 23:28:21', '2025-08-30 23:28:21'),
(80, 'C306', '11 Lí', 'C', 3, '2025-08-30 23:28:21', '2025-08-30 23:28:21'),
(81, 'C307', '11 Hóa', 'C', 3, '2025-08-30 23:28:21', '2025-08-30 23:28:21'),
(82, 'C401', '11 Sinh', 'C', 4, '2025-08-30 23:28:21', '2025-08-30 23:28:21'),
(83, 'C402', '11 Văn', 'C', 4, '2025-08-30 23:28:21', '2025-08-30 23:28:21'),
(84, 'C403', '11 Anh 1', 'C', 4, '2025-08-30 23:28:21', '2025-08-30 23:28:21'),
(85, 'C404', '11 Anh 2', 'C', 4, '2025-08-30 23:28:21', '2025-08-30 23:28:21'),
(86, 'C501', 'Lớp học (DP)', 'C', 5, '2025-08-30 23:28:21', '2025-08-30 23:28:21'),
(87, 'C502', 'Kho', 'C', 5, '2025-08-30 23:28:21', '2025-08-30 23:28:21'),
(88, 'C503', 'Nghệ thuật 1 (CLB Nhảy)', 'C', 5, '2025-08-30 23:28:21', '2025-08-30 23:28:21'),
(89, 'C504', 'Thu âm', 'C', 5, '2025-08-30 23:28:21', '2025-08-30 23:28:21'),
(90, 'C505', 'Âm nhạc', 'C', 5, '2025-08-30 23:28:21', '2025-08-30 23:28:21'),
(91, 'C506', 'Lớp học (DP)', 'C', 5, '2025-08-30 23:28:21', '2025-08-30 23:28:21'),
(92, 'C507', '11 Trung', 'C', 5, '2025-08-30 23:28:21', '2025-08-30 23:28:21'),
(93, 'C508', 'Mỹ thuật', 'C', 5, '2025-08-30 23:28:21', '2025-08-30 23:28:21'),
(94, 'D101', '10 Toán', 'D', 1, '2025-08-30 23:28:21', '2025-08-30 23:28:21'),
(95, 'D102', '10 Lí', 'D', 1, '2025-08-30 23:28:21', '2025-08-30 23:28:21'),
(96, 'D103', '10 Hóa', 'D', 1, '2025-08-30 23:28:21', '2025-08-30 23:28:21'),
(97, 'D104', '10 Sinh', 'D', 1, '2025-08-30 23:28:21', '2025-08-30 23:28:21'),
(98, 'D201', '10 Văn', 'D', 2, '2025-08-30 23:28:21', '2025-08-30 23:28:21'),
(99, 'D202', '10 Anh 1', 'D', 2, '2025-08-30 23:28:21', '2025-08-30 23:28:21'),
(100, 'D203', '10 Anh 2', 'D', 2, '2025-08-30 23:28:21', '2025-08-30 23:28:21'),
(101, 'D204', '10 Trung', 'D', 2, '2025-08-30 23:28:21', '2025-08-30 23:28:21'),
(102, 'D301', '10 Sử', 'D', 3, '2025-08-30 23:28:21', '2025-08-30 23:28:21'),
(103, 'D302', '10 Địa', 'D', 3, '2025-08-30 23:28:21', '2025-08-30 23:28:21'),
(104, 'D303', '10 Tin', 'D', 3, '2025-08-30 23:28:21', '2025-08-30 23:28:21'),
(105, 'D304', '11 Sử', 'D', 3, '2025-08-30 23:28:21', '2025-08-30 23:28:21'),
(106, 'D305', 'Phòng chờ giáo viên', 'D', 3, '2025-08-30 23:28:21', '2025-08-30 23:28:21'),
(107, 'D306', '11 Địa', 'D', 3, '2025-08-30 23:28:21', '2025-08-30 23:28:21'),
(108, 'D307', '11 Tin', 'D', 3, '2025-08-30 23:28:21', '2025-08-30 23:28:21'),
(109, 'D401', 'Lớp học (DP)', 'D', 4, '2025-08-30 23:28:21', '2025-08-30 23:28:21'),
(110, 'D402', 'Lớp học (DP)', 'D', 4, '2025-08-30 23:28:21', '2025-08-30 23:28:21'),
(111, 'D403', 'Lớp học (DP)', 'D', 4, '2025-08-30 23:28:21', '2025-08-30 23:28:21'),
(112, 'D404', 'Lớp học (DP)', 'D', 4, '2025-08-30 23:28:21', '2025-08-30 23:28:21'),
(113, 'D501', 'Lớp học (DP)', 'D', 5, '2025-08-30 23:28:21', '2025-08-30 23:28:21'),
(114, 'D502', 'Lớp học (DP)', 'D', 5, '2025-08-30 23:28:21', '2025-08-30 23:28:21'),
(115, 'D503', 'Lớp học (DP)', 'D', 5, '2025-08-30 23:28:21', '2025-08-30 23:28:21'),
(116, 'D504', 'Lớp học (DP)', 'D', 5, '2025-08-30 23:28:21', '2025-08-30 23:28:21'),
(117, 'D505', 'Lớp học (DP)', 'D', 5, '2025-08-30 23:28:21', '2025-08-30 23:28:21'),
(118, 'D506', 'Phòng chờ giáo viên', 'D', 5, '2025-08-30 23:28:21', '2025-08-30 23:28:21'),
(119, 'D507', 'Lớp học (DP)', 'D', 5, '2025-08-30 23:28:21', '2025-08-30 23:28:21'),
(120, 'D508', 'KHXH 2', 'D', 5, '2025-08-30 23:28:21', '2025-08-30 23:28:21'),
(121, 'E101', 'Thực hành Vật lí 1', 'E', 1, '2025-08-30 23:28:21', '2025-08-30 23:28:21'),
(122, 'E102', 'Thực hành Vật lí 2', 'E', 1, '2025-08-30 23:28:21', '2025-08-30 23:28:21'),
(123, 'E103', 'Phòng máy Tiếng Anh 1', 'E', 1, '2025-08-30 23:28:21', '2025-08-30 23:28:21'),
(124, 'E201', 'Thực hành Sinh học 1', 'E', 2, '2025-08-30 23:28:21', '2025-08-30 23:28:21'),
(125, 'E202', 'Thực hành Sinh học 2', 'E', 2, '2025-08-30 23:28:21', '2025-08-30 23:28:21'),
(126, 'E203', 'Phòng máy Tiếng Anh 2', 'E', 2, '2025-08-30 23:28:21', '2025-08-30 23:28:21'),
(127, 'E301', 'Thực hành Hóa học 1', 'E', 3, '2025-08-30 23:28:21', '2025-08-30 23:28:21'),
(128, 'E302', 'Thực hành Hóa học 2', 'E', 3, '2025-08-30 23:28:21', '2025-08-30 23:28:21'),
(129, 'E303', 'Phòng máy Tiếng Trung Quốc', 'E', 3, '2025-08-30 23:28:21', '2025-08-30 23:28:21'),
(130, 'E401', 'Tin học 1', 'E', 4, '2025-08-30 23:28:21', '2025-08-30 23:28:21'),
(131, 'E402', 'Tin học 2', 'E', 4, '2025-08-30 23:28:21', '2025-08-30 23:28:21'),
(132, 'E403', 'Tin học 3', 'E', 4, '2025-08-30 23:28:21', '2025-08-30 23:28:21'),
(133, 'E501', 'STEM-CN1', 'E', 5, '2025-08-30 23:28:21', '2025-08-30 23:28:21'),
(134, 'E502', 'STEM-CN2', 'E', 5, '2025-08-30 23:28:21', '2025-08-30 23:28:21'),
(135, 'E503', 'KHXH 1', 'E', 5, '2025-08-30 23:28:21', '2025-08-30 23:28:21'),
(136, 'G101', 'Hội trường', 'G', 1, '2025-08-30 23:28:21', '2025-08-30 23:28:21');

-- --------------------------------------------------------

--
-- Cấu trúc bảng cho bảng `thietbi`
--

CREATE TABLE `thietbi` (
  `id` int(11) NOT NULL,
  `ten_thiet_bi` varchar(255) COLLATE utf8mb4_unicode_ci NOT NULL,
  `ma_thiet_bi` varchar(100) COLLATE utf8mb4_unicode_ci NOT NULL,
  `loai_thiet_bi` varchar(100) COLLATE utf8mb4_unicode_ci DEFAULT NULL,
  `hang_san_xuat` varchar(100) COLLATE utf8mb4_unicode_ci DEFAULT NULL,
  `ngay_mua` date DEFAULT NULL,
  `tinh_trang` varchar(100) COLLATE utf8mb4_unicode_ci DEFAULT NULL,
  `so_luong` int(11) DEFAULT 1,
  `don_vi_tinh` varchar(50) COLLATE utf8mb4_unicode_ci DEFAULT 'cái',
  `phong_id` int(11) DEFAULT NULL,
  `nhanvien_id` int(11) DEFAULT NULL,
  `ngay_tao` datetime DEFAULT current_timestamp(),
  `ngay_cap_nhat` datetime DEFAULT current_timestamp() ON UPDATE current_timestamp()
) ENGINE=InnoDB DEFAULT CHARSET=utf8mb4 COLLATE=utf8mb4_unicode_ci;

--
-- Đang đổ dữ liệu cho bảng `thietbi`
--

INSERT INTO `thietbi` (`id`, `ten_thiet_bi`, `ma_thiet_bi`, `loai_thiet_bi`, `hang_san_xuat`, `ngay_mua`, `tinh_trang`, `so_luong`, `don_vi_tinh`, `phong_id`, `nhanvien_id`, `ngay_tao`, `ngay_cap_nhat`) VALUES
(1, 'Bộ bàn ghế học sinh', 'BG_C101', 'Nội thất', 'Hòa Phát', '2023-08-01', 'Đang sử dụng', 15, 'bộ', 67, 17, '2025-08-30 23:28:54', '2025-11-02 11:00:52'),
(2, 'Bộ bàn ghế học sinh', 'BG_C102', 'Nội thất', 'Hòa Phát', '2023-08-01', 'Đang sử dụng', 40, 'bộ', 68, 6, '2025-08-30 23:28:54', '2025-09-02 07:12:16'),
(3, 'Bộ bàn ghế học sinh', 'BG_C103', 'Nội thất', 'Hòa Phát', '2023-08-01', 'Đang sử dụng', 0, 'bộ', 69, 21, '2025-08-30 23:28:54', '2025-09-05 21:52:00'),
(4, 'Bộ bàn ghế học sinh', 'BG_C104', 'Nội thất', 'Hòa Phát', '2023-08-01', 'Hỏng', 5, 'bộ', 70, 9, '2025-08-30 23:28:54', '2025-09-09 10:50:30'),
(5, 'Bộ bàn ghế học sinh', 'BG_C201', 'Nội thất', 'Hòa Phát', '2023-08-01', '', 40, 'bộ', 71, 15, '2025-08-30 23:28:54', '2025-11-02 02:17:16'),
(6, 'Bộ bàn ghế học sinh', 'BG_C202', 'Nội thất', 'Hòa Phát', '2023-08-01', 'Đang sử dụng', 40, 'bộ', 72, 1, '2025-08-30 23:28:54', '2025-08-30 23:28:54'),
(7, 'Bộ bàn ghế học sinh', 'BG_C203', 'Nội thất', 'Hòa Phát', '2023-08-01', 'Đang sử dụng', 40, 'bộ', 73, 1, '2025-08-30 23:28:54', '2025-08-30 23:28:54'),
(8, 'Bộ bàn ghế học sinh', 'BG_C204', 'Nội thất', 'Hòa Phát', '2023-08-01', 'Đang sử dụng', 40, 'bộ', 74, 1, '2025-08-30 23:28:54', '2025-08-30 23:28:54'),
(9, 'Bộ bàn ghế học sinh', 'BG_C301', 'Nội thất', 'Hòa Phát', '2023-08-01', 'Đang sử dụng', 40, 'bộ', 75, 1, '2025-08-30 23:28:54', '2025-08-30 23:28:54'),
(10, 'Bộ bàn ghế học sinh', 'BG_C302', 'Nội thất', 'Hòa Phát', '2023-08-01', 'Đang sử dụng', 40, 'bộ', 76, 1, '2025-08-30 23:28:54', '2025-08-30 23:28:54'),
(11, 'Bộ bàn ghế học sinh', 'BG_C303', 'Nội thất', 'Hòa Phát', '2023-08-01', 'Đang sử dụng', 40, 'bộ', 77, 1, '2025-08-30 23:28:54', '2025-08-30 23:28:54'),
(12, 'Bộ bàn ghế học sinh', 'BG_C304', 'Nội thất', 'Hòa Phát', '2023-08-01', 'Đang sử dụng', 40, 'bộ', 78, 1, '2025-08-30 23:28:54', '2025-08-30 23:28:54'),
(13, 'Bộ bàn ghế học sinh', 'BG_C306', 'Nội thất', 'Hòa Phát', '2023-08-01', 'Đang sử dụng', 40, 'bộ', 80, 1, '2025-08-30 23:28:54', '2025-08-30 23:28:54'),
(14, 'Bộ bàn ghế học sinh', 'BG_C307', 'Nội thất', 'Hòa Phát', '2023-08-01', 'Đang sử dụng', 40, 'bộ', 81, 1, '2025-08-30 23:28:54', '2025-08-30 23:28:54'),
(15, 'Bộ bàn ghế học sinh', 'BG_C401', 'Nội thất', 'Hòa Phát', '2023-08-01', 'Đang sử dụng', 40, 'bộ', 82, 1, '2025-08-30 23:28:54', '2025-08-30 23:28:54'),
(16, 'Bộ bàn ghế học sinh', 'BG_C402', 'Nội thất', 'Hòa Phát', '2023-08-01', 'Đang sử dụng', 1, 'bộ', 83, 8, '2025-08-30 23:28:54', '2025-09-09 10:51:45'),
(17, 'Bộ bàn ghế học sinh', 'BG_C403', 'Nội thất', 'Hòa Phát', '2023-08-01', 'Đang sử dụng', 1, 'bộ', 84, 5, '2025-08-30 23:28:54', '2025-09-09 10:51:19'),
(18, 'Bộ bàn ghế học sinh', 'BG_C404', 'Nội thất', 'Hòa Phát', '2023-08-01', 'Đang sử dụng', 40, 'bộ', 85, 1, '2025-08-30 23:28:54', '2025-08-30 23:28:54'),
(19, 'Bộ bàn ghế học sinh', 'BG_C503', 'Nội thất', 'Hòa Phát', '2023-08-01', 'Đang sử dụng', 36, 'bộ', 88, 7, '2025-08-30 23:28:54', '2025-11-02 10:48:15'),
(20, 'Bộ bàn ghế học sinh', 'BG_C504', 'Nội thất', 'Hòa Phát', '2023-08-01', 'Đang sử dụng', 40, 'bộ', 89, 1, '2025-08-30 23:28:54', '2025-08-30 23:28:54'),
(21, 'Bộ bàn ghế học sinh', 'BG_C505', 'Nội thất', 'Hòa Phát', '2023-08-01', 'Đang sử dụng', 40, 'bộ', 90, 1, '2025-08-30 23:28:54', '2025-08-30 23:28:54'),
(22, 'Bộ bàn ghế học sinh', 'BG_C506', 'Nội thất', 'Hòa Phát', '2023-08-01', 'Đang sử dụng', 40, 'bộ', 91, 1, '2025-08-30 23:28:54', '2025-08-30 23:28:54'),
(23, 'Bộ bàn ghế học sinh', 'BG_C507', 'Nội thất', 'Hòa Phát', '2023-08-01', 'Đang sử dụng', 40, 'bộ', 92, 36, '2025-08-30 23:28:54', '2025-11-02 02:17:23'),
(24, 'Bộ bàn ghế học sinh', 'BG_C508', 'Nội thất', 'Hòa Phát', '2023-08-01', 'Đang sử dụng', 40, 'bộ', 93, 1, '2025-08-30 23:28:54', '2025-08-30 23:28:54'),
(25, 'Bộ bàn ghế học sinh', 'BG_D101', 'Nội thất', 'Hòa Phát', '2023-08-01', 'Đang sử dụng', 40, 'bộ', 94, 1, '2025-08-30 23:28:54', '2025-08-30 23:28:54'),
(26, 'Bộ bàn ghế học sinh', 'BG_D102', 'Nội thất', 'Hòa Phát', '2023-08-01', 'Đang sử dụng', 40, 'bộ', 95, 1, '2025-08-30 23:28:54', '2025-08-30 23:28:54'),
(27, 'Bộ bàn ghế học sinh', 'BG_D103', 'Nội thất', 'Hòa Phát', '2023-08-01', 'Đang sử dụng', 40, 'bộ', 96, 1, '2025-08-30 23:28:54', '2025-08-30 23:28:54'),
(28, 'Bộ bàn ghế học sinh', 'BG_D104', 'Nội thất', 'Hòa Phát', '2023-08-01', 'Đang sử dụng', 40, 'bộ', 97, 1, '2025-08-30 23:28:54', '2025-08-30 23:28:54'),
(29, 'Bộ bàn ghế học sinh', 'BG_D201', 'Nội thất', 'Hòa Phát', '2023-08-01', 'Đang sử dụng', 40, 'bộ', 98, 1, '2025-08-30 23:28:54', '2025-08-30 23:28:54'),
(30, 'Bộ bàn ghế học sinh', 'BG_D202', 'Nội thất', 'Hòa Phát', '2023-08-01', 'Đang sử dụng', 40, 'bộ', 99, 1, '2025-08-30 23:28:54', '2025-08-30 23:28:54'),
(31, 'Bộ bàn ghế học sinh', 'BG_D203', 'Nội thất', 'Hòa Phát', '2023-08-01', 'Đang sử dụng', 40, 'bộ', 100, 1, '2025-08-30 23:28:54', '2025-08-30 23:28:54'),
(32, 'Bộ bàn ghế học sinh', 'BG_D204', 'Nội thất', 'Hòa Phát', '2023-08-01', 'Đang sử dụng', 40, 'bộ', 101, 1, '2025-08-30 23:28:54', '2025-08-30 23:28:54'),
(33, 'Bộ bàn ghế học sinh', 'BG_D301', 'Nội thất', 'Hòa Phát', '2023-08-01', 'Đang sử dụng', 40, 'bộ', 102, 1, '2025-08-30 23:28:54', '2025-08-30 23:28:54'),
(34, 'Bộ bàn ghế học sinh', 'BG_D302', 'Nội thất', 'Hòa Phát', '2023-08-01', 'Đang sử dụng', 40, 'bộ', 103, 1, '2025-08-30 23:28:54', '2025-08-30 23:28:54'),
(35, 'Bộ bàn ghế học sinh', 'BG_D303', 'Nội thất', 'Hòa Phát', '2023-08-01', 'Đang sử dụng', 40, 'bộ', 104, 1, '2025-08-30 23:28:54', '2025-08-30 23:28:54'),
(36, 'Bộ bàn ghế học sinh', 'BG_D304', 'Nội thất', 'Hòa Phát', '2023-08-01', 'Đang sử dụng', 40, 'bộ', 105, 1, '2025-08-30 23:28:54', '2025-08-30 23:28:54'),
(37, 'Bộ bàn ghế học sinh', 'BG_D306', 'Nội thất', 'Hòa Phát', '2023-08-01', 'Đang sử dụng', 40, 'bộ', 107, 1, '2025-08-30 23:28:54', '2025-08-30 23:28:54'),
(38, 'Bộ bàn ghế học sinh', 'BG_D307', 'Nội thất', 'Hòa Phát', '2023-08-01', 'Đang sử dụng', 40, 'bộ', 108, 1, '2025-08-30 23:28:54', '2025-08-30 23:28:54'),
(39, 'Bộ bàn ghế học sinh', 'BG_D401', 'Nội thất', 'Hòa Phát', '2023-08-01', 'Đang sử dụng', 40, 'bộ', 109, 1, '2025-08-30 23:28:54', '2025-08-30 23:28:54'),
(40, 'Bộ bàn ghế học sinh', 'BG_D402', 'Nội thất', 'Hòa Phát', '2023-08-01', 'Đang sử dụng', 40, 'bộ', 110, 1, '2025-08-30 23:28:54', '2025-08-30 23:28:54'),
(41, 'Bộ bàn ghế học sinh', 'BG_D403', 'Nội thất', 'Hòa Phát', '2023-08-01', 'Đang sử dụng', 40, 'bộ', 111, 1, '2025-08-30 23:28:54', '2025-08-30 23:28:54'),
(42, 'Bộ bàn ghế học sinh', 'BG_D404', 'Nội thất', 'Hòa Phát', '2023-08-01', 'Đang sử dụng', 40, 'bộ', 112, 1, '2025-08-30 23:28:54', '2025-08-30 23:28:54'),
(43, 'Bộ bàn ghế học sinh', 'BG_D501', 'Nội thất', 'Hòa Phát', '2023-08-01', 'Đang sử dụng', 40, 'bộ', 113, 1, '2025-08-30 23:28:54', '2025-08-30 23:28:54'),
(44, 'Bộ bàn ghế học sinh', 'BG_D502', 'Nội thất', 'Hòa Phát', '2023-08-01', 'Đang sử dụng', 40, 'bộ', 114, 1, '2025-08-30 23:28:54', '2025-08-30 23:28:54'),
(45, 'Bộ bàn ghế học sinh', 'BG_D503', 'Nội thất', 'Hòa Phát', '2023-08-01', 'Đang sử dụng', 40, 'bộ', 115, 1, '2025-08-30 23:28:54', '2025-08-30 23:28:54'),
(46, 'Bộ bàn ghế học sinh', 'BG_D504', 'Nội thất', 'Hòa Phát', '2023-08-01', 'Đang sử dụng', 40, 'bộ', 116, 1, '2025-08-30 23:28:54', '2025-08-30 23:28:54'),
(47, 'Bộ bàn ghế học sinh', 'BG_D505', 'Nội thất', 'Hòa Phát', '2023-08-01', 'Đang sử dụng', 40, 'bộ', 117, 1, '2025-08-30 23:28:54', '2025-08-30 23:28:54'),
(48, 'Bộ bàn ghế học sinh', 'BG_D507', 'Nội thất', 'Hòa Phát', '2023-08-01', 'Đang sử dụng', 40, 'bộ', 119, 1, '2025-08-30 23:28:54', '2025-08-30 23:28:54'),
(49, 'Bộ bàn ghế học sinh', 'BG_D508', 'Nội thất', 'Hòa Phát', '2023-08-01', 'Đang sử dụng', 40, 'bộ', 120, 1, '2025-08-30 23:28:54', '2025-08-30 23:28:54'),
(50, 'Bộ bàn ghế học sinh', 'BG_E503', 'Nội thất', 'Hòa Phát', '2023-08-01', 'Đang sử dụng', 40, 'bộ', 135, 1, '2025-08-30 23:28:54', '2025-08-30 23:28:54'),
(64, 'Bảng đen', 'BD_C101', 'Thiết bị giảng dạy', 'Thiết bị GD Việt Nam', '2023-08-01', 'Bảo trì', 1, 'cái', 67, 17, '2025-08-30 23:28:54', '2025-11-02 11:00:52'),
(65, 'Bảng đen', 'BD_C102', 'Thiết bị giảng dạy', 'Thiết bị GD Việt Nam', '2023-08-01', 'Đang sử dụng', 1, 'cái', 68, 6, '2025-08-30 23:28:54', '2025-09-02 07:12:16'),
(66, 'Bảng đen', 'BD_C103', 'Thiết bị giảng dạy', 'Thiết bị GD Việt Nam', '2023-08-01', 'Đang sử dụng', 1, 'cái', 69, 21, '2025-08-30 23:28:54', '2025-09-01 17:57:28'),
(67, 'Bảng đen', 'BD_C104', 'Thiết bị giảng dạy', 'Thiết bị GD Việt Nam', '2023-08-01', 'Đang sử dụng', 1, 'cái', 70, 9, '2025-08-30 23:28:54', '2025-09-02 06:38:25'),
(68, 'Bảng đen', 'BD_C201', 'Thiết bị giảng dạy', 'Thiết bị GD Việt Nam', '2023-08-01', 'Đang sử dụng', 1, 'cái', 71, 15, '2025-08-30 23:28:54', '2025-11-02 02:17:16'),
(69, 'Bảng đen', 'BD_C202', 'Thiết bị giảng dạy', 'Thiết bị GD Việt Nam', '2023-08-01', 'Đang sử dụng', 1, 'cái', 72, 1, '2025-08-30 23:28:54', '2025-08-30 23:28:54'),
(70, 'Bảng đen', 'BD_C203', 'Thiết bị giảng dạy', 'Thiết bị GD Việt Nam', '2023-08-01', 'Đang sử dụng', 1, 'cái', 73, 1, '2025-08-30 23:28:54', '2025-08-30 23:28:54'),
(71, 'Bảng đen', 'BD_C204', 'Thiết bị giảng dạy', 'Thiết bị GD Việt Nam', '2023-08-01', 'Đang sử dụng', 1, 'cái', 74, 1, '2025-08-30 23:28:54', '2025-08-30 23:28:54'),
(72, 'Bảng đen', 'BD_C301', 'Thiết bị giảng dạy', 'Thiết bị GD Việt Nam', '2023-08-01', 'Đang sử dụng', 1, 'cái', 75, 1, '2025-08-30 23:28:54', '2025-08-30 23:28:54'),
(73, 'Bảng đen', 'BD_C302', 'Thiết bị giảng dạy', 'Thiết bị GD Việt Nam', '2023-08-01', 'Đang sử dụng', 1, 'cái', 76, 1, '2025-08-30 23:28:54', '2025-08-30 23:28:54'),
(74, 'Bảng đen', 'BD_C303', 'Thiết bị giảng dạy', 'Thiết bị GD Việt Nam', '2023-08-01', 'Đang sử dụng', 1, 'cái', 77, 1, '2025-08-30 23:28:54', '2025-08-30 23:28:54'),
(75, 'Bảng đen', 'BD_C304', 'Thiết bị giảng dạy', 'Thiết bị GD Việt Nam', '2023-08-01', 'Đang sử dụng', 1, 'cái', 78, 1, '2025-08-30 23:28:54', '2025-08-30 23:28:54'),
(76, 'Bảng đen', 'BD_C306', 'Thiết bị giảng dạy', 'Thiết bị GD Việt Nam', '2023-08-01', 'Đang sử dụng', 1, 'cái', 80, 1, '2025-08-30 23:28:54', '2025-08-30 23:28:54'),
(77, 'Bảng đen', 'BD_C307', 'Thiết bị giảng dạy', 'Thiết bị GD Việt Nam', '2023-08-01', 'Đang sử dụng', 1, 'cái', 81, 1, '2025-08-30 23:28:54', '2025-08-30 23:28:54'),
(78, 'Bảng đen', 'BD_C401', 'Thiết bị giảng dạy', 'Thiết bị GD Việt Nam', '2023-08-01', 'Đang sử dụng', 1, 'cái', 82, 1, '2025-08-30 23:28:54', '2025-08-30 23:28:54'),
(79, 'Bảng đen', 'BD_C402', 'Thiết bị giảng dạy', 'Thiết bị GD Việt Nam', '2023-08-01', 'Đang sử dụng', 1, 'cái', 83, 8, '2025-08-30 23:28:54', '2025-09-02 07:22:51'),
(80, 'Bảng đen', 'BD_C403', 'Thiết bị giảng dạy', 'Thiết bị GD Việt Nam', '2023-08-01', 'Đang sử dụng', 1, 'cái', 84, 5, '2025-08-30 23:28:54', '2025-09-02 07:12:08'),
(81, 'Bảng đen', 'BD_C404', 'Thiết bị giảng dạy', 'Thiết bị GD Việt Nam', '2023-08-01', 'Đang sử dụng', 1, 'cái', 85, 1, '2025-08-30 23:28:54', '2025-08-30 23:28:54'),
(82, 'Bảng đen', 'BD_C503', 'Thiết bị giảng dạy', 'Thiết bị GD Việt Nam', '2023-08-01', 'Đang sử dụng', 1, 'cái', 88, 7, '2025-08-30 23:28:54', '2025-09-02 07:41:41'),
(83, 'Bảng đen', 'BD_C504', 'Thiết bị giảng dạy', 'Thiết bị GD Việt Nam', '2023-08-01', 'Đang sử dụng', 1, 'cái', 89, 1, '2025-08-30 23:28:54', '2025-08-30 23:28:54'),
(84, 'Bảng đen', 'BD_C505', 'Thiết bị giảng dạy', 'Thiết bị GD Việt Nam', '2023-08-01', 'Đang sử dụng', 1, 'cái', 90, 1, '2025-08-30 23:28:54', '2025-08-30 23:28:54'),
(85, 'Bảng đen', 'BD_C506', 'Thiết bị giảng dạy', 'Thiết bị GD Việt Nam', '2023-08-01', 'Đang sử dụng', 1, 'cái', 91, 1, '2025-08-30 23:28:54', '2025-08-30 23:28:54'),
(86, 'Bảng đen', 'BD_C507', 'Thiết bị giảng dạy', 'Thiết bị GD Việt Nam', '2023-08-01', 'Đang sử dụng', 1, 'cái', 92, 36, '2025-08-30 23:28:54', '2025-11-02 02:17:23'),
(87, 'Bảng đen', 'BD_C508', 'Thiết bị giảng dạy', 'Thiết bị GD Việt Nam', '2023-08-01', 'Đang sử dụng', 1, 'cái', 93, 1, '2025-08-30 23:28:54', '2025-08-30 23:28:54'),
(88, 'Bảng đen', 'BD_D101', 'Thiết bị giảng dạy', 'Thiết bị GD Việt Nam', '2023-08-01', 'Đang sử dụng', 1, 'cái', 94, 1, '2025-08-30 23:28:54', '2025-08-30 23:28:54'),
(89, 'Bảng đen', 'BD_D102', 'Thiết bị giảng dạy', 'Thiết bị GD Việt Nam', '2023-08-01', 'Đang sử dụng', 1, 'cái', 95, 1, '2025-08-30 23:28:54', '2025-08-30 23:28:54'),
(90, 'Bảng đen', 'BD_D103', 'Thiết bị giảng dạy', 'Thiết bị GD Việt Nam', '2023-08-01', 'Đang sử dụng', 1, 'cái', 96, 1, '2025-08-30 23:28:54', '2025-08-30 23:28:54'),
(91, 'Bảng đen', 'BD_D104', 'Thiết bị giảng dạy', 'Thiết bị GD Việt Nam', '2023-08-01', 'Đang sử dụng', 1, 'cái', 97, 1, '2025-08-30 23:28:54', '2025-08-30 23:28:54'),
(92, 'Bảng đen', 'BD_D201', 'Thiết bị giảng dạy', 'Thiết bị GD Việt Nam', '2023-08-01', 'Đang sử dụng', 1, 'cái', 98, 1, '2025-08-30 23:28:54', '2025-08-30 23:28:54'),
(93, 'Bảng đen', 'BD_D202', 'Thiết bị giảng dạy', 'Thiết bị GD Việt Nam', '2023-08-01', 'Đang sử dụng', 1, 'cái', 99, 1, '2025-08-30 23:28:54', '2025-08-30 23:28:54'),
(94, 'Bảng đen', 'BD_D203', 'Thiết bị giảng dạy', 'Thiết bị GD Việt Nam', '2023-08-01', 'Đang sử dụng', 1, 'cái', 100, 1, '2025-08-30 23:28:54', '2025-08-30 23:28:54'),
(95, 'Bảng đen', 'BD_D204', 'Thiết bị giảng dạy', 'Thiết bị GD Việt Nam', '2023-08-01', 'Đang sử dụng', 1, 'cái', 101, 1, '2025-08-30 23:28:54', '2025-08-30 23:28:54'),
(96, 'Bảng đen', 'BD_D301', 'Thiết bị giảng dạy', 'Thiết bị GD Việt Nam', '2023-08-01', 'Đang sử dụng', 1, 'cái', 102, 1, '2025-08-30 23:28:54', '2025-08-30 23:28:54'),
(97, 'Bảng đen', 'BD_D302', 'Thiết bị giảng dạy', 'Thiết bị GD Việt Nam', '2023-08-01', 'Đang sử dụng', 1, 'cái', 103, 1, '2025-08-30 23:28:54', '2025-08-30 23:28:54'),
(98, 'Bảng đen', 'BD_D303', 'Thiết bị giảng dạy', 'Thiết bị GD Việt Nam', '2023-08-01', 'Đang sử dụng', 1, 'cái', 104, 1, '2025-08-30 23:28:54', '2025-08-30 23:28:54'),
(99, 'Bảng đen', 'BD_D304', 'Thiết bị giảng dạy', 'Thiết bị GD Việt Nam', '2023-08-01', 'Đang sử dụng', 1, 'cái', 105, 1, '2025-08-30 23:28:54', '2025-08-30 23:28:54'),
(100, 'Bảng đen', 'BD_D306', 'Thiết bị giảng dạy', 'Thiết bị GD Việt Nam', '2023-08-01', 'Đang sử dụng', 1, 'cái', 107, 1, '2025-08-30 23:28:54', '2025-08-30 23:28:54'),
(101, 'Bảng đen', 'BD_D307', 'Thiết bị giảng dạy', 'Thiết bị GD Việt Nam', '2023-08-01', 'Đang sử dụng', 1, 'cái', 108, 1, '2025-08-30 23:28:54', '2025-08-30 23:28:54'),
(102, 'Bảng đen', 'BD_D401', 'Thiết bị giảng dạy', 'Thiết bị GD Việt Nam', '2023-08-01', 'Đang sử dụng', 1, 'cái', 109, 1, '2025-08-30 23:28:54', '2025-08-30 23:28:54'),
(103, 'Bảng đen', 'BD_D402', 'Thiết bị giảng dạy', 'Thiết bị GD Việt Nam', '2023-08-01', 'Đang sử dụng', 1, 'cái', 110, 1, '2025-08-30 23:28:54', '2025-08-30 23:28:54'),
(104, 'Bảng đen', 'BD_D403', 'Thiết bị giảng dạy', 'Thiết bị GD Việt Nam', '2023-08-01', 'Đang sử dụng', 1, 'cái', 111, 1, '2025-08-30 23:28:54', '2025-08-30 23:28:54'),
(105, 'Bảng đen', 'BD_D404', 'Thiết bị giảng dạy', 'Thiết bị GD Việt Nam', '2023-08-01', 'Đang sử dụng', 1, 'cái', 112, 1, '2025-08-30 23:28:54', '2025-08-30 23:28:54'),
(106, 'Bảng đen', 'BD_D501', 'Thiết bị giảng dạy', 'Thiết bị GD Việt Nam', '2023-08-01', 'Đang sử dụng', 1, 'cái', 113, 1, '2025-08-30 23:28:54', '2025-08-30 23:28:54'),
(107, 'Bảng đen', 'BD_D502', 'Thiết bị giảng dạy', 'Thiết bị GD Việt Nam', '2023-08-01', 'Đang sử dụng', 1, 'cái', 114, 1, '2025-08-30 23:28:54', '2025-08-30 23:28:54'),
(108, 'Bảng đen', 'BD_D503', 'Thiết bị giảng dạy', 'Thiết bị GD Việt Nam', '2023-08-01', 'Đang sử dụng', 1, 'cái', 115, 1, '2025-08-30 23:28:54', '2025-08-30 23:28:54'),
(109, 'Bảng đen', 'BD_D504', 'Thiết bị giảng dạy', 'Thiết bị GD Việt Nam', '2023-08-01', 'Đang sử dụng', 1, 'cái', 116, 1, '2025-08-30 23:28:54', '2025-08-30 23:28:54'),
(110, 'Bảng đen', 'BD_D505', 'Thiết bị giảng dạy', 'Thiết bị GD Việt Nam', '2023-08-01', 'Đang sử dụng', 1, 'cái', 117, 1, '2025-08-30 23:28:54', '2025-08-30 23:28:54'),
(111, 'Bảng đen', 'BD_D507', 'Thiết bị giảng dạy', 'Thiết bị GD Việt Nam', '2023-08-01', 'Đang sử dụng', 1, 'cái', 119, 1, '2025-08-30 23:28:54', '2025-08-30 23:28:54'),
(112, 'Bảng đen', 'BD_D508', 'Thiết bị giảng dạy', 'Thiết bị GD Việt Nam', '2023-08-01', 'Đang sử dụng', 1, 'cái', 120, 1, '2025-08-30 23:28:54', '2025-08-30 23:28:54'),
(113, 'Bảng đen', 'BD_E503', 'Thiết bị giảng dạy', 'Thiết bị GD Việt Nam', '2023-08-01', 'Đang sử dụng', 1, 'cái', 135, 1, '2025-08-30 23:28:54', '2025-08-30 23:28:54'),
(127, 'TV Samsung 55 inch', 'TV_C101', 'Thiết bị điện tử', 'Samsung', '2023-08-01', 'Đang sử dụng', 1, 'cái', 67, 17, '2025-08-30 23:28:54', '2025-11-02 11:00:52'),
(128, 'TV Samsung 55 inch', 'TV_C102', 'Thiết bị điện tử', 'Samsung', '2023-08-01', 'Đang sử dụng', 1, 'cái', 68, 6, '2025-08-30 23:28:54', '2025-09-02 07:12:16'),
(129, 'TV Samsung 55 inch', 'TV_C103', 'Thiết bị điện tử', 'Samsung', '2023-08-01', 'Đang sử dụng', 1, 'cái', 69, 21, '2025-08-30 23:28:54', '2025-09-01 17:57:28'),
(130, 'TV Samsung 55 inch', 'TV_C104', 'Thiết bị điện tử', 'Samsung', '2023-08-01', 'Đang sử dụng', 1, 'cái', 70, 9, '2025-08-30 23:28:54', '2025-09-02 06:38:25'),
(131, 'TV Samsung 55 inch', 'TV_C201', 'Thiết bị điện tử', 'Samsung', '2023-08-01', 'Đang sử dụng', 1, 'cái', 71, 15, '2025-08-30 23:28:54', '2025-11-02 02:17:16'),
(132, 'TV Samsung 55 inch', 'TV_C202', 'Thiết bị điện tử', 'Samsung', '2023-08-01', 'Đang sử dụng', 1, 'cái', 72, 1, '2025-08-30 23:28:54', '2025-08-30 23:28:54'),
(133, 'TV Samsung 55 inch', 'TV_C203', 'Thiết bị điện tử', 'Samsung', '2023-08-01', 'Đang sử dụng', 1, 'cái', 73, 1, '2025-08-30 23:28:54', '2025-08-30 23:28:54'),
(134, 'TV Samsung 55 inch', 'TV_C204', 'Thiết bị điện tử', 'Samsung', '2023-08-01', 'Đang sử dụng', 1, 'cái', 74, 1, '2025-08-30 23:28:54', '2025-08-30 23:28:54'),
(135, 'TV Samsung 55 inch', 'TV_C301', 'Thiết bị điện tử', 'Samsung', '2023-08-01', 'Đang sử dụng', 1, 'cái', 75, 1, '2025-08-30 23:28:54', '2025-08-30 23:28:54'),
(136, 'TV Samsung 55 inch', 'TV_C302', 'Thiết bị điện tử', 'Samsung', '2023-08-01', 'Đang sử dụng', 1, 'cái', 76, 1, '2025-08-30 23:28:54', '2025-08-30 23:28:54'),
(137, 'TV Samsung 55 inch', 'TV_C303', 'Thiết bị điện tử', 'Samsung', '2023-08-01', 'Đang sử dụng', 1, 'cái', 77, 1, '2025-08-30 23:28:54', '2025-08-30 23:28:54'),
(138, 'TV Samsung 55 inch', 'TV_C304', 'Thiết bị điện tử', 'Samsung', '2023-08-01', 'Đang sử dụng', 1, 'cái', 78, 1, '2025-08-30 23:28:54', '2025-08-30 23:28:54'),
(139, 'TV Samsung 55 inch', 'TV_C306', 'Thiết bị điện tử', 'Samsung', '2023-08-01', 'Đang sử dụng', 1, 'cái', 80, 1, '2025-08-30 23:28:54', '2025-08-30 23:28:54'),
(140, 'TV Samsung 55 inch', 'TV_C307', 'Thiết bị điện tử', 'Samsung', '2023-08-01', 'Đang sử dụng', 1, 'cái', 81, 1, '2025-08-30 23:28:54', '2025-08-30 23:28:54'),
(141, 'TV Samsung 55 inch', 'TV_C401', 'Thiết bị điện tử', 'Samsung', '2023-08-01', 'Đang sử dụng', 1, 'cái', 82, 1, '2025-08-30 23:28:54', '2025-08-30 23:28:54'),
(142, 'TV Samsung 55 inch', 'TV_C402', 'Thiết bị điện tử', 'Samsung', '2023-08-01', 'Đang sử dụng', 1, 'cái', 83, 8, '2025-08-30 23:28:54', '2025-09-02 07:22:51'),
(143, 'TV Samsung 55 inch', 'TV_C403', 'Thiết bị điện tử', 'Samsung', '2023-08-01', 'Đang sử dụng', 1, 'cái', 84, 5, '2025-08-30 23:28:54', '2025-09-02 07:12:08'),
(144, 'TV Samsung 55 inch', 'TV_C404', 'Thiết bị điện tử', 'Samsung', '2023-08-01', 'Đang sử dụng', 1, 'cái', 85, 1, '2025-08-30 23:28:54', '2025-08-30 23:28:54'),
(145, 'TV Samsung 55 inch', 'TV_C503', 'Thiết bị điện tử', 'Samsung', '2023-08-01', 'Đang sử dụng', 1, 'cái', 88, 7, '2025-08-30 23:28:54', '2025-09-02 07:41:41'),
(146, 'TV Samsung 55 inch', 'TV_C504', 'Thiết bị điện tử', 'Samsung', '2023-08-01', 'Đang sử dụng', 1, 'cái', 89, 1, '2025-08-30 23:28:54', '2025-08-30 23:28:54'),
(147, 'TV Samsung 55 inch', 'TV_C505', 'Thiết bị điện tử', 'Samsung', '2023-08-01', 'Đang sử dụng', 1, 'cái', 90, 1, '2025-08-30 23:28:54', '2025-08-30 23:28:54'),
(148, 'TV Samsung 55 inch', 'TV_C506', 'Thiết bị điện tử', 'Samsung', '2023-08-01', 'Đang sử dụng', 1, 'cái', 91, 1, '2025-08-30 23:28:54', '2025-08-30 23:28:54'),
(149, 'TV Samsung 55 inch', 'TV_C507', 'Thiết bị điện tử', 'Samsung', '2023-08-01', 'Đang sử dụng', 1, 'cái', 92, 36, '2025-08-30 23:28:54', '2025-11-02 02:17:23'),
(150, 'TV Samsung 55 inch', 'TV_C508', 'Thiết bị điện tử', 'Samsung', '2023-08-01', 'Đang sử dụng', 1, 'cái', 93, 1, '2025-08-30 23:28:54', '2025-08-30 23:28:54'),
(151, 'TV Samsung 55 inch', 'TV_D101', 'Thiết bị điện tử', 'Samsung', '2023-08-01', 'Đang sử dụng', 1, 'cái', 94, 1, '2025-08-30 23:28:54', '2025-08-30 23:28:54'),
(152, 'TV Samsung 55 inch', 'TV_D102', 'Thiết bị điện tử', 'Samsung', '2023-08-01', 'Đang sử dụng', 1, 'cái', 95, 1, '2025-08-30 23:28:54', '2025-08-30 23:28:54'),
(153, 'TV Samsung 55 inch', 'TV_D103', 'Thiết bị điện tử', 'Samsung', '2023-08-01', 'Đang sử dụng', 1, 'cái', 96, 1, '2025-08-30 23:28:54', '2025-08-30 23:28:54'),
(154, 'TV Samsung 55 inch', 'TV_D104', 'Thiết bị điện tử', 'Samsung', '2023-08-01', 'Đang sử dụng', 1, 'cái', 97, 1, '2025-08-30 23:28:54', '2025-08-30 23:28:54'),
(155, 'TV Samsung 55 inch', 'TV_D201', 'Thiết bị điện tử', 'Samsung', '2023-08-01', 'Đang sử dụng', 1, 'cái', 98, 1, '2025-08-30 23:28:54', '2025-08-30 23:28:54'),
(156, 'TV Samsung 55 inch', 'TV_D202', 'Thiết bị điện tử', 'Samsung', '2023-08-01', 'Đang sử dụng', 1, 'cái', 99, 1, '2025-08-30 23:28:54', '2025-08-30 23:28:54'),
(157, 'TV Samsung 55 inch', 'TV_D203', 'Thiết bị điện tử', 'Samsung', '2023-08-01', 'Đang sử dụng', 1, 'cái', 100, 1, '2025-08-30 23:28:54', '2025-08-30 23:28:54'),
(158, 'TV Samsung 55 inch', 'TV_D204', 'Thiết bị điện tử', 'Samsung', '2023-08-01', 'Đang sử dụng', 1, 'cái', 101, 1, '2025-08-30 23:28:54', '2025-08-30 23:28:54'),
(159, 'TV Samsung 55 inch', 'TV_D301', 'Thiết bị điện tử', 'Samsung', '2023-08-01', 'Đang sử dụng', 1, 'cái', 102, 1, '2025-08-30 23:28:54', '2025-08-30 23:28:54'),
(160, 'TV Samsung 55 inch', 'TV_D302', 'Thiết bị điện tử', 'Samsung', '2023-08-01', 'Đang sử dụng', 1, 'cái', 103, 1, '2025-08-30 23:28:54', '2025-08-30 23:28:54'),
(161, 'TV Samsung 55 inch', 'TV_D303', 'Thiết bị điện tử', 'Samsung', '2023-08-01', 'Đang sử dụng', 1, 'cái', 104, 1, '2025-08-30 23:28:54', '2025-08-30 23:28:54'),
(162, 'TV Samsung 55 inch', 'TV_D304', 'Thiết bị điện tử', 'Samsung', '2023-08-01', 'Đang sử dụng', 1, 'cái', 105, 1, '2025-08-30 23:28:54', '2025-08-30 23:28:54'),
(163, 'TV Samsung 55 inch', 'TV_D306', 'Thiết bị điện tử', 'Samsung', '2023-08-01', 'Đang sử dụng', 1, 'cái', 107, 1, '2025-08-30 23:28:54', '2025-08-30 23:28:54'),
(164, 'TV Samsung 55 inch', 'TV_D307', 'Thiết bị điện tử', 'Samsung', '2023-08-01', 'Đang sử dụng', 1, 'cái', 108, 1, '2025-08-30 23:28:54', '2025-08-30 23:28:54'),
(165, 'TV Samsung 55 inch', 'TV_D401', 'Thiết bị điện tử', 'Samsung', '2023-08-01', 'Đang sử dụng', 1, 'cái', 109, 1, '2025-08-30 23:28:54', '2025-08-30 23:28:54'),
(166, 'TV Samsung 55 inch', 'TV_D402', 'Thiết bị điện tử', 'Samsung', '2023-08-01', 'Đang sử dụng', 1, 'cái', 110, 1, '2025-08-30 23:28:54', '2025-08-30 23:28:54'),
(167, 'TV Samsung 55 inch', 'TV_D403', 'Thiết bị điện tử', 'Samsung', '2023-08-01', 'Đang sử dụng', 1, 'cái', 111, 1, '2025-08-30 23:28:54', '2025-08-30 23:28:54'),
(168, 'TV Samsung 55 inch', 'TV_D404', 'Thiết bị điện tử', 'Samsung', '2023-08-01', 'Đang sử dụng', 1, 'cái', 112, 1, '2025-08-30 23:28:54', '2025-08-30 23:28:54'),
(169, 'TV Samsung 55 inch', 'TV_D501', 'Thiết bị điện tử', 'Samsung', '2023-08-01', 'Đang sử dụng', 1, 'cái', 113, 1, '2025-08-30 23:28:54', '2025-08-30 23:28:54'),
(170, 'TV Samsung 55 inch', 'TV_D502', 'Thiết bị điện tử', 'Samsung', '2023-08-01', 'Đang sử dụng', 1, 'cái', 114, 1, '2025-08-30 23:28:54', '2025-08-30 23:28:54'),
(171, 'TV Samsung 55 inch', 'TV_D503', 'Thiết bị điện tử', 'Samsung', '2023-08-01', 'Đang sử dụng', 1, 'cái', 115, 1, '2025-08-30 23:28:54', '2025-08-30 23:28:54'),
(172, 'TV Samsung 55 inch', 'TV_D504', 'Thiết bị điện tử', 'Samsung', '2023-08-01', 'Đang sử dụng', 1, 'cái', 116, 1, '2025-08-30 23:28:54', '2025-08-30 23:28:54'),
(173, 'TV Samsung 55 inch', 'TV_D505', 'Thiết bị điện tử', 'Samsung', '2023-08-01', 'Đang sử dụng', 1, 'cái', 117, 1, '2025-08-30 23:28:54', '2025-08-30 23:28:54'),
(174, 'TV Samsung 55 inch', 'TV_D507', 'Thiết bị điện tử', 'Samsung', '2023-08-01', 'Đang sử dụng', 1, 'cái', 119, 1, '2025-08-30 23:28:54', '2025-08-30 23:28:54'),
(175, 'TV Samsung 55 inch', 'TV_D508', 'Thiết bị điện tử', 'Samsung', '2023-08-01', 'Đang sử dụng', 1, 'cái', 120, 1, '2025-08-30 23:28:54', '2025-08-30 23:28:54'),
(176, 'TV Samsung 55 inch', 'TV_E503', 'Thiết bị điện tử', 'Samsung', '2023-08-01', 'Đang sử dụng', 1, 'cái', 135, 1, '2025-08-30 23:28:54', '2025-08-30 23:28:54'),
(190, 'Dụng cụ thí nghiệm khoa học', 'TN_E101', 'Dụng cụ thí nghiệm', 'Thiết bị GD Việt Nam', '2023-08-01', 'Đang sử dụng', 8, 'bộ', 121, 2, '2025-08-30 23:28:54', '2025-11-05 14:13:36'),
(191, 'Dụng cụ thí nghiệm khoa học', 'TN_E102', 'Dụng cụ thí nghiệm', 'Thiết bị GD Việt Nam', '2023-08-01', 'Đang sử dụng', 15, 'bộ', 122, 2, '2025-08-30 23:28:54', '2025-08-30 23:28:54'),
(192, 'Dụng cụ thí nghiệm khoa học', 'TN_E201', 'Dụng cụ thí nghiệm', 'Thiết bị GD Việt Nam', '2023-08-01', 'Đang sử dụng', 15, 'bộ', 124, 2, '2025-08-30 23:28:54', '2025-08-30 23:28:54'),
(193, 'Dụng cụ thí nghiệm khoa học', 'TN_E202', 'Dụng cụ thí nghiệm', 'Thiết bị GD Việt Nam', '2023-08-01', 'Đang sử dụng', 15, 'bộ', 125, 2, '2025-08-30 23:28:54', '2025-08-30 23:28:54'),
(194, 'Dụng cụ thí nghiệm khoa học', 'TN_E301', 'Dụng cụ thí nghiệm', 'Thiết bị GD Việt Nam', '2023-08-01', 'Đang sử dụng', 15, 'bộ', 127, 2, '2025-08-30 23:28:54', '2025-08-30 23:28:54'),
(195, 'Dụng cụ thí nghiệm khoa học', 'TN_E302', 'Dụng cụ thí nghiệm', 'Thiết bị GD Việt Nam', '2023-08-01', 'Đang sử dụng', 15, 'bộ', 128, 2, '2025-08-30 23:28:54', '2025-08-30 23:28:54'),
(197, 'Bộ dụng cụ STEM Robotics', 'STEM_E501', 'Thiết bị STEM', 'LEGO Education', '2023-08-01', 'Đang sử dụng', 5, 'bộ', 133, 3, '2025-08-30 23:28:54', '2025-08-30 23:28:54'),
(198, 'Bộ dụng cụ STEM Robotics', 'STEM_E502', 'Thiết bị STEM', 'LEGO Education', '2023-08-01', 'Đang sử dụng', 5, 'bộ', 134, 3, '2025-08-30 23:28:54', '2025-08-30 23:28:54'),
(200, 'Máy tính để bàn', 'PC_E501', 'Thiết bị CNTT', 'Dell', '2023-08-01', 'Đang sử dụng', 15, 'máy', 133, 3, '2025-08-30 23:28:54', '2025-08-30 23:28:54'),
(201, 'Máy tính để bàn', 'PC_E502', 'Thiết bị CNTT', 'Dell', '2023-08-01', 'Đang sử dụng', 15, 'máy', 134, 3, '2025-08-30 23:28:54', '2025-08-30 23:28:54'),
(203, 'Máy tính để bàn', 'PC_E103', 'Thiết bị CNTT', 'Dell', '2023-08-01', 'Đang sử dụng', 30, 'máy', 123, 4, '2025-08-30 23:28:54', '2025-08-30 23:28:54'),
(204, 'Máy tính để bàn', 'PC_E203', 'Thiết bị CNTT', 'Dell', '2023-08-01', 'Đang sử dụng', 30, 'máy', 126, 10, '2025-08-30 23:28:54', '2025-10-04 10:51:50'),
(205, 'Máy tính để bàn', 'PC_E303', 'Thiết bị CNTT', 'Dell', '2023-08-01', 'Đang sử dụng', 30, 'máy', 129, 4, '2025-08-30 23:28:54', '2025-08-30 23:28:54'),
(206, 'Máy tính để bàn', 'PC_E401', 'Thiết bị CNTT', 'Dell', '2023-08-01', 'Đang sử dụng', 30, 'máy', 130, 4, '2025-08-30 23:28:54', '2025-08-30 23:28:54'),
(207, 'Máy tính để bàn', 'PC_E402', 'Thiết bị CNTT', 'Dell', '2023-08-01', 'Đang sử dụng', 30, 'máy', 131, 4, '2025-08-30 23:28:54', '2025-08-30 23:28:54'),
(208, 'Máy tính để bàn', 'PC_E403', 'Thiết bị CNTT', 'Dell', '2023-08-01', 'Đang sử dụng', 30, 'máy', 132, 4, '2025-08-30 23:28:54', '2025-08-30 23:28:54'),
(210, 'Màn hình LCD 24 inch', 'MH_E103', 'Thiết bị CNTT', 'Dell', '2023-08-01', 'Đang sử dụng', 30, 'cái', 123, 4, '2025-08-30 23:28:54', '2025-08-30 23:28:54'),
(211, 'Màn hình LCD 24 inch', 'MH_E203', 'Thiết bị CNTT', 'Dell', '2023-08-01', 'Đang sử dụng', 30, 'cái', 126, 10, '2025-08-30 23:28:54', '2025-10-04 10:51:50'),
(212, 'Màn hình LCD 24 inch', 'MH_E303', 'Thiết bị CNTT', 'Dell', '2023-08-01', 'Đang sử dụng', 30, 'cái', 129, 4, '2025-08-30 23:28:54', '2025-08-30 23:28:54'),
(213, 'Màn hình LCD 24 inch', 'MH_E401', 'Thiết bị CNTT', 'Dell', '2023-08-01', 'Đang sử dụng', 30, 'cái', 130, 4, '2025-08-30 23:28:54', '2025-08-30 23:28:54'),
(214, 'Màn hình LCD 24 inch', 'MH_E402', 'Thiết bị CNTT', 'Dell', '2023-08-01', 'Đang sử dụng', 30, 'cái', 131, 4, '2025-08-30 23:28:54', '2025-08-30 23:28:54'),
(215, 'Màn hình LCD 24 inch', 'MH_E403', 'Thiết bị CNTT', 'Dell', '2023-08-01', 'Đang sử dụng', 30, 'cái', 132, 4, '2025-08-30 23:28:54', '2025-08-30 23:28:54'),
(217, 'Chuột quang', 'MS_E103', 'Thiết bị CNTT', 'Logitech', '2023-08-01', 'Đang sử dụng', 30, 'cái', 123, 4, '2025-08-30 23:28:54', '2025-08-30 23:28:54'),
(218, 'Chuột quang', 'MS_E203', 'Thiết bị CNTT', 'Logitech', '2023-08-01', 'Đang sử dụng', 30, 'cái', 126, 10, '2025-08-30 23:28:54', '2025-10-04 10:51:50'),
(219, 'Chuột quang', 'MS_E303', 'Thiết bị CNTT', 'Logitech', '2023-08-01', 'Đang sử dụng', 30, 'cái', 129, 4, '2025-08-30 23:28:54', '2025-08-30 23:28:54'),
(220, 'Chuột quang', 'MS_E401', 'Thiết bị CNTT', 'Logitech', '2023-08-01', 'Đang sử dụng', 30, 'cái', 130, 4, '2025-08-30 23:28:54', '2025-08-30 23:28:54'),
(221, 'Chuột quang', 'MS_E402', 'Thiết bị CNTT', 'Logitech', '2023-08-01', 'Đang sử dụng', 30, 'cái', 131, 4, '2025-08-30 23:28:54', '2025-08-30 23:28:54'),
(222, 'Chuột quang', 'MS_E403', 'Thiết bị CNTT', 'Logitech', '2023-08-01', 'Đang sử dụng', 30, 'cái', 132, 4, '2025-08-30 23:28:54', '2025-08-30 23:28:54'),
(224, 'Bàn phím', 'KB_E103', 'Thiết bị CNTT', 'Logitech', '2023-08-01', 'Đang sử dụng', 30, 'cái', 123, 4, '2025-08-30 23:28:54', '2025-08-30 23:28:54'),
(225, 'Bàn phím', 'KB_E203', 'Thiết bị CNTT', 'Logitech', '2023-08-01', 'Đang sử dụng', 30, 'cái', 126, 10, '2025-08-30 23:28:54', '2025-10-04 10:51:50'),
(226, 'Bàn phím', 'KB_E303', 'Thiết bị CNTT', 'Logitech', '2023-08-01', 'Đang sử dụng', 30, 'cái', 129, 4, '2025-08-30 23:28:54', '2025-08-30 23:28:54'),
(227, 'Bàn phím', 'KB_E401', 'Thiết bị CNTT', 'Logitech', '2023-08-01', 'Đang sử dụng', 30, 'cái', 130, 4, '2025-08-30 23:28:54', '2025-08-30 23:28:54'),
(228, 'Bàn phím', 'KB_E402', 'Thiết bị CNTT', 'Logitech', '2023-08-01', 'Đang sử dụng', 30, 'cái', 131, 4, '2025-08-30 23:28:54', '2025-08-30 23:28:54'),
(229, 'Bàn phím', 'KB_E403', 'Thiết bị CNTT', 'Logitech', '2023-08-01', 'Đang sử dụng', 30, 'cái', 132, 4, '2025-08-30 23:28:54', '2025-08-30 23:28:54'),
(235, 'Bộ bàn ghế học sinh', 'BG_C103', 'Nội thất', 'Hòa Phát', '2023-08-01', 'Hỏng', 3, 'bộ', 69, 21, '2025-09-04 00:03:45', '2025-09-07 09:46:29'),
(236, 'Bộ bàn ghế học sinh', 'BG_C103', 'Nội thất', 'Hòa Phát', '2023-08-01', 'Hỏng', 1, 'bộ', 69, 21, '2025-09-04 00:07:21', '2025-09-07 09:46:42'),
(237, 'Bộ bàn ghế học sinh', 'BG_C101', 'Nội thất', 'Hòa Phát', '2023-08-01', 'Hỏng', 8, 'bộ', 67, 17, '2025-09-05 21:43:36', '2025-11-02 11:00:52'),
(238, 'Bộ bàn ghế học sinh', 'BG_C103', 'Nội thất', 'Hòa Phát', '2023-08-01', 'Bảo trì', 0, 'bộ', 69, 21, '2025-09-05 21:44:11', '2025-09-05 21:50:25'),
(239, 'Bộ bàn ghế học sinh', 'BG_C103', 'Nội thất', 'Hòa Phát', '2023-08-01', 'Đang sử dụng', 8, 'bộ', 69, 21, '2025-09-05 21:50:25', '2025-09-05 21:50:25'),
(240, 'Bộ bàn ghế học sinh', 'BG_C103', 'Nội thất', 'Hòa Phát', '2023-08-01', 'Đang sử dụng', 8, 'bộ', 69, 21, '2025-09-05 21:51:08', '2025-09-05 21:51:08'),
(241, 'Bộ bàn ghế học sinh', 'BG_C103', 'Nội thất', 'Hòa Phát', '2023-08-01', 'Đang sử dụng', 1, 'bộ', 69, 21, '2025-09-05 21:52:33', '2025-09-05 21:53:04'),
(242, 'Bộ bàn ghế học sinh', 'BG_C104', 'Nội thất', 'Hòa Phát', '2023-08-01', 'Bảo trì', 5, 'bộ', 70, 9, '2025-09-07 10:40:10', '2025-09-07 10:40:53'),
(243, 'Bộ bàn ghế học sinh', 'BG_C104', 'Nội thất', 'Hòa Phát', '2023-08-01', 'Hỏng', 14, 'bộ', 70, 9, '2025-09-07 10:40:53', '2025-09-09 10:20:36'),
(244, 'Bộ bàn ghế học sinh', 'BG_C104', 'Nội thất', 'Hòa Phát', '2023-08-01', 'Đang sử dụng', 5, 'bộ', 70, 9, '2025-09-07 10:41:26', '2025-09-07 10:41:26'),
(245, 'Bộ bàn ghế học sinh', 'BG_C104', 'Nội thất', 'Hòa Phát', '2023-08-01', 'Hỏng', 1, 'bộ', 70, 9, '2025-09-09 10:20:36', '2025-09-09 10:27:24'),
(246, 'Bộ bàn ghế học sinh', 'BG_C104', 'Nội thất', 'Hòa Phát', '2023-08-01', 'Đang sử dụng', 1, 'bộ', 70, 9, '2025-09-09 10:27:24', '2025-09-09 10:27:57'),
(247, 'Bộ bàn ghế học sinh', 'BG_C104', 'Nội thất', 'Hòa Phát', '2023-08-01', 'Đang sử dụng', 1, 'bộ', 70, 9, '2025-09-09 10:27:57', '2025-09-09 10:33:06'),
(248, 'Bộ bàn ghế học sinh', 'BG_C104', 'Nội thất', 'Hòa Phát', '2023-08-01', 'Đang sử dụng', 1, 'bộ', 70, 9, '2025-09-09 10:28:25', '2025-09-09 10:32:26'),
(249, 'Bộ bàn ghế học sinh', 'BG_C104', 'Nội thất', 'Hòa Phát', '2023-08-01', 'Hỏng', 2, 'bộ', 70, 9, '2025-09-09 10:32:26', '2025-09-09 10:32:26'),
(250, 'Bộ bàn ghế học sinh', 'BG_C104', 'Nội thất', 'Hòa Phát', '2023-08-01', 'Hỏng', 5, 'bộ', 70, 9, '2025-09-09 10:50:30', '2025-09-09 10:50:30'),
(251, 'Bộ bàn ghế học sinh', 'BG_C403', 'Nội thất', 'Hòa Phát', '2023-08-01', 'Đang sử dụng', 38, 'bộ', 84, 5, '2025-09-09 10:51:19', '2025-11-01 21:40:29'),
(252, 'Bộ bàn ghế học sinh', 'BG_C402', 'Nội thất', 'Hòa Phát', '2023-08-01', 'Đang sử dụng', 38, 'bộ', 83, 8, '2025-09-09 10:51:45', '2025-09-09 13:54:39'),
(253, 'Bộ bàn ghế học sinh', 'BG_C503', 'Nội thất', 'Hòa Phát', '2023-08-01', 'Đang sử dụng', 1, 'bộ', 88, 7, '2025-09-09 13:51:36', '2025-11-02 10:45:40'),
(254, 'Bộ bàn ghế học sinh', 'BG_C402', 'Nội thất', 'Hòa Phát', '2023-08-01', 'Hỏng', 1, 'bộ', 83, 8, '2025-09-09 13:54:39', '2025-09-09 13:54:39'),
(255, 'Bộ bàn ghế học sinh', 'BG_C503', 'Nội thất', 'Hòa Phát', '2023-08-01', 'Hỏng', 1, 'bộ', 88, 7, '2025-09-11 15:18:00', '2025-09-11 15:18:00'),
(256, 'Bộ bàn ghế học sinh', 'BG_C101', 'Nội thất', 'Hòa Phát', '2023-08-01', 'Bảo trì', 7, 'bộ', 67, 17, '2025-11-01 21:37:37', '2025-11-02 11:00:52'),
(257, 'Bộ bàn ghế học sinh', 'BG_C403', 'Nội thất', 'Hòa Phát', '2023-08-01', 'Đang sử dụng', 1, 'bộ', 84, 5, '2025-11-01 21:40:29', '2025-11-01 21:41:00'),
(258, 'Bộ bàn ghế học sinh', 'BG_C503', 'Nội thất', 'Hòa Phát', '2023-08-01', 'Hỏng', 2, 'bộ', 88, 7, '2025-11-02 10:48:15', '2025-11-02 10:48:15'),
(259, 'Dụng cụ thí nghiệm khoa học', 'TN_E101', 'Dụng cụ thí nghiệm', 'Thiết bị GD Việt Nam', '2023-08-01', 'Hỏng', 7, 'bộ', 121, 2, '2025-11-05 14:13:36', '2025-11-05 14:13:36');

-- --------------------------------------------------------

--
-- Cấu trúc bảng cho bảng `thietbi_tinhtrang`
--

CREATE TABLE `thietbi_tinhtrang` (
  `id` int(11) NOT NULL,
  `thietbi_id` int(11) NOT NULL,
  `tinh_trang` enum('Đang sử dụng','Hư hỏng','Bảo trì') COLLATE utf8mb4_unicode_ci NOT NULL,
  `so_luong` int(11) NOT NULL DEFAULT 0
) ENGINE=InnoDB DEFAULT CHARSET=utf8mb4 COLLATE=utf8mb4_unicode_ci;

--
-- Chỉ mục cho các bảng đã đổ
--

--
-- Chỉ mục cho bảng `baotri`
--
ALTER TABLE `baotri`
  ADD PRIMARY KEY (`id`),
  ADD KEY `thietbi_id` (`thietbi_id`),
  ADD KEY `nhanvien_id` (`nhanvien_id`);

--
-- Chỉ mục cho bảng `nhanvien`
--
ALTER TABLE `nhanvien`
  ADD PRIMARY KEY (`id`);

--
-- Chỉ mục cho bảng `phong`
--
ALTER TABLE `phong`
  ADD PRIMARY KEY (`id`),
  ADD UNIQUE KEY `ma_phong` (`ma_phong`);

--
-- Chỉ mục cho bảng `thietbi`
--
ALTER TABLE `thietbi`
  ADD PRIMARY KEY (`id`),
  ADD KEY `phong_id` (`phong_id`),
  ADD KEY `nhanvien_id` (`nhanvien_id`);

--
-- Chỉ mục cho bảng `thietbi_tinhtrang`
--
ALTER TABLE `thietbi_tinhtrang`
  ADD PRIMARY KEY (`id`),
  ADD KEY `thietbi_id` (`thietbi_id`);

--
-- AUTO_INCREMENT cho các bảng đã đổ
--

--
-- AUTO_INCREMENT cho bảng `baotri`
--
ALTER TABLE `baotri`
  MODIFY `id` int(11) NOT NULL AUTO_INCREMENT;

--
-- AUTO_INCREMENT cho bảng `nhanvien`
--
ALTER TABLE `nhanvien`
  MODIFY `id` int(11) NOT NULL AUTO_INCREMENT, AUTO_INCREMENT=37;

--
-- AUTO_INCREMENT cho bảng `phong`
--
ALTER TABLE `phong`
  MODIFY `id` int(11) NOT NULL AUTO_INCREMENT, AUTO_INCREMENT=137;

--
-- AUTO_INCREMENT cho bảng `thietbi`
--
ALTER TABLE `thietbi`
  MODIFY `id` int(11) NOT NULL AUTO_INCREMENT, AUTO_INCREMENT=260;

--
-- AUTO_INCREMENT cho bảng `thietbi_tinhtrang`
--
ALTER TABLE `thietbi_tinhtrang`
  MODIFY `id` int(11) NOT NULL AUTO_INCREMENT;

--
-- Các ràng buộc cho các bảng đã đổ
--

--
-- Các ràng buộc cho bảng `baotri`
--
ALTER TABLE `baotri`
  ADD CONSTRAINT `baotri_ibfk_1` FOREIGN KEY (`thietbi_id`) REFERENCES `thietbi` (`id`),
  ADD CONSTRAINT `baotri_ibfk_2` FOREIGN KEY (`nhanvien_id`) REFERENCES `nhanvien` (`id`);

--
-- Các ràng buộc cho bảng `thietbi`
--
ALTER TABLE `thietbi`
  ADD CONSTRAINT `thietbi_ibfk_1` FOREIGN KEY (`phong_id`) REFERENCES `phong` (`id`),
  ADD CONSTRAINT `thietbi_ibfk_2` FOREIGN KEY (`nhanvien_id`) REFERENCES `nhanvien` (`id`);

--
-- Các ràng buộc cho bảng `thietbi_tinhtrang`
--
ALTER TABLE `thietbi_tinhtrang`
  ADD CONSTRAINT `thietbi_tinhtrang_ibfk_1` FOREIGN KEY (`thietbi_id`) REFERENCES `thietbi` (`id`) ON DELETE CASCADE;
COMMIT;

/*!40101 SET CHARACTER_SET_CLIENT=@OLD_CHARACTER_SET_CLIENT */;
/*!40101 SET CHARACTER_SET_RESULTS=@OLD_CHARACTER_SET_RESULTS */;
/*!40101 SET COLLATION_CONNECTION=@OLD_COLLATION_CONNECTION */;
